sample_name,T_original,robustness_score,fails_first_at_condition,fails_first_at_severity
test/25October_2010_Monday_tagesschau-17,181,50,none,none
test/25October_2010_Monday_tagesschau-24,150,40,head_trunc,50
test/15December_2010_Wednesday_tagesschau-37,198,20,head_trunc,30
test/10March_2011_Thursday_heute-58,130,50,none,none
test/14August_2009_Friday_tagesschau-62,111,0,head_trunc,10
test/14August_2009_Friday_tagesschau-73,129,40,tail_trunc,50
test/14August_2009_Friday_tagesschau-75,57,40,head_trunc,50
test/26January_2010_Tuesday_heute-105,101,30,head_trunc,40
test/26January_2010_Tuesday_heute-106,63,40,head_trunc,50
test/01November_2010_Monday_tagesschau-133,117,30,tail_trunc,40
test/01November_2010_Monday_tagesschau-136,86,50,none,none
test/01November_2010_Monday_tagesschau-137,56,10,head_trunc,20
test/08May_2010_Saturday_tagesschau-175,83,0,head_trunc,10
test/08May_2010_Saturday_tagesschau-176,118,30,tail_contam,40
test/24November_2011_Thursday_heute-224,101,50,none,none
test/21August_2011_Sunday_tagesschau-263,148,40,tail_trunc,50
test/22November_2010_Monday_heute-283,89,0,head_contam,10
test/14October_2010_Thursday_tagesschau-287,106,50,none,none
test/14October_2010_Thursday_tagesschau-290,115,0,head_trunc,10
test/14October_2010_Thursday_tagesschau-291,101,50,none,none
test/14October_2010_Thursday_tagesschau-294,130,40,tail_contam,50
test/06April_2010_Tuesday_tagesschau-306,55,10,head_trunc,20
test/12May_2010_Wednesday_tagesschau-323,204,50,none,none
test/12April_2010_Monday_tagesschau-365,128,30,tail_contam,40
test/12July_2010_Monday_tagesschau-373,45,50,none,none
test/12July_2010_Monday_tagesschau-374,136,40,head_trunc,50
test/17February_2011_Thursday_heute-387,91,50,none,none
test/17April_2010_Saturday_tagesschau-399,96,50,none,none
test/17April_2010_Saturday_tagesschau-406,139,0,head_trunc,10
test/01October_2009_Thursday_tagesschau-420,110,30,tail_contam,40
test/01October_2009_Thursday_tagesschau-421,38,0,head_contam,10
test/04May_2010_Tuesday_heute-460,204,0,tail_trunc,10
test/30January_2013_Wednesday_tagesschau-476,145,40,tail_trunc,50
test/07February_2010_Sunday_tagesschau-499,125,50,none,none
test/20October_2011_Thursday_tagesschau-506,62,0,head_trunc,10
test/20October_2011_Thursday_tagesschau-513,104,50,none,none
test/14October_2009_Wednesday_tagesschau-516,123,50,none,none
test/14October_2009_Wednesday_tagesschau-526,115,50,none,none
test/12October_2009_Monday_tagesschau-548,86,30,tail_contam,40
test/12October_2009_Monday_tagesschau-560,31,40,head_trunc,50
test/12October_2009_Monday_tagesschau-561,26,20,tail_trunc,30
test/12October_2009_Monday_tagesschau-562,68,50,none,none
test/12October_2009_Monday_tagesschau-563,54,20,head_trunc,30
test/25February_2011_Friday_tagesschau-568,149,50,none,none
test/09July_2010_Friday_tagesschau-591,177,20,tail_contam,30
test/06October_2010_Wednesday_tagesschau-638,117,20,tail_trunc,30
test/14December_2010_Tuesday_heute-650,94,0,head_trunc,10
test/14December_2010_Tuesday_heute-651,75,0,head_trunc,10
test/11July_2009_Saturday_tagesschau-655,87,50,none,none
test/11July_2009_Saturday_tagesschau-664,72,30,head_trunc,40
test/11July_2009_Saturday_tagesschau-665,107,50,none,none
test/11July_2009_Saturday_tagesschau-667,146,50,none,none
test/31January_2011_Monday_tagesschau-668,89,50,none,none
test/04August_2011_Thursday_tagesschau-712,168,20,head_trunc,30
test/04August_2011_Thursday_tagesschau-713,74,10,head_trunc,20
test/26June_2010_Saturday_tagesschau-724,171,20,tail_contam,30
test/26June_2010_Saturday_tagesschau-725,39,50,none,none
test/19April_2010_Monday_heute-782,44,40,head_contam,50
test/06October_2011_Thursday_tagesschau-823,82,50,none,none
test/06October_2011_Thursday_tagesschau-825,114,40,head_trunc,50
test/04December_2009_Friday_tagesschau-833,93,50,none,none
test/04December_2009_Friday_tagesschau-834,113,30,head_contam,40
test/04December_2009_Friday_tagesschau-835,83,40,head_trunc,50
test/04December_2009_Friday_tagesschau-844,126,30,head_trunc,40
test/04December_2009_Friday_tagesschau-845,85,50,none,none
test/11July_2011_Monday_tagesschau-849,147,40,tail_trunc,50
test/28July_2010_Wednesday_tagesschau-864,82,30,head_trunc,40
test/28July_2010_Wednesday_tagesschau-871,78,50,none,none
test/28July_2010_Wednesday_tagesschau-872,84,20,head_trunc,30
test/23October_2010_Saturday_tagesschau-895,78,50,none,none
test/23October_2010_Saturday_tagesschau-896,88,50,none,none
test/31March_2010_Wednesday_tagesschau-999,100,50,none,none
test/31March_2010_Wednesday_tagesschau-1000,126,40,tail_trunc,50
test/31March_2010_Wednesday_tagesschau-1008,139,20,tail_trunc,30
test/29October_2009_Thursday_tagesschau-1013,99,10,head_trunc,20
test/29October_2009_Thursday_tagesschau-1024,75,40,head_trunc,50
test/27April_2010_Tuesday_heute-1028,185,40,head_trunc,50
test/27April_2010_Tuesday_heute-1038,72,40,head_trunc,50
test/27April_2010_Tuesday_heute-1039,92,40,tail_trunc,50
test/06September_2010_Monday_tagesschau-1147,160,40,head_trunc,50
test/06September_2010_Monday_tagesschau-1153,105,30,tail_trunc,40
test/06November_2010_Saturday_tagesschau-1162,182,30,tail_trunc,40
test/04June_2010_Friday_tagesschau-1173,81,50,none,none
test/04June_2010_Friday_tagesschau-1176,152,30,tail_trunc,40
test/09August_2009_Sunday_tagesschau-1186,100,20,head_trunc,30
test/05July_2010_Monday_tagesschau-1202,66,40,head_trunc,50
test/05July_2010_Monday_tagesschau-1205,103,40,head_trunc,50
test/05October_2010_Tuesday_heute-1218,59,0,head_trunc,10
test/27May_2010_Thursday_heute-1236,79,30,head_trunc,40
test/02August_2010_Monday_heute-1243,120,50,none,none
test/20June_2011_Monday_tagesschau-1249,100,50,none,none
test/20June_2011_Monday_tagesschau-1256,97,50,none,none
test/20June_2011_Monday_tagesschau-1257,140,50,none,none
test/12July_2011_Tuesday_heute-1283,157,20,tail_contam,30
test/02October_2010_Saturday_tagesschau-1300,64,10,head_trunc,20
test/18April_2011_Monday_tagesschau-1314,82,50,none,none
test/22August_2010_Sunday_tagesschau-1344,170,40,tail_trunc,50
test/26October_2009_Monday_tagesschau-1394,114,30,head_contam,40
test/26October_2009_Monday_tagesschau-1402,76,50,none,none
test/26October_2009_Monday_tagesschau-1403,84,10,head_trunc,20
test/13August_2011_Saturday_tagesschau-1412,151,30,head_trunc,40
test/17February_2010_Wednesday_heute-1478,55,10,tail_contam,20
test/17February_2010_Wednesday_heute-1482,134,0,tail_trunc,10
test/08February_2010_Monday_heute-1497,56,0,head_trunc,10
test/08February_2010_Monday_heute-1498,99,0,head_trunc,10
test/08February_2010_Monday_heute-1501,103,50,none,none
test/07April_2010_Wednesday_heute-1619,71,30,head_trunc,40
test/07April_2010_Wednesday_heute-1626,196,20,tail_trunc,30
test/07April_2010_Wednesday_heute-1630,155,40,head_trunc,50
test/18July_2009_Saturday_tagesschau-1634,140,0,head_trunc,10
test/18July_2009_Saturday_tagesschau-1640,92,50,none,none
test/13October_2009_Tuesday_tagesschau-1657,36,10,tail_trunc,20
test/13October_2009_Tuesday_tagesschau-1658,82,20,head_trunc,30
test/13October_2009_Tuesday_tagesschau-1659,27,0,head_trunc,10
test/03July_2011_Sunday_tagesschau-1665,170,20,tail_trunc,30
test/03July_2011_Sunday_tagesschau-1672,131,50,none,none
test/12January_2011_Wednesday_tagesschau-1727,108,10,tail_trunc,20
test/09March_2011_Wednesday_heute-1741,104,10,tail_trunc,20
test/25February_2010_Thursday_tagesschau-1761,111,50,none,none
test/12August_2009_Wednesday_tagesschau-1806,93,50,none,none
test/05November_2010_Friday_tagesschau-1872,161,20,tail_contam,30
test/31May_2011_Tuesday_heute-1904,127,10,head_contam,20
test/28December_2011_Wednesday_tagesschau-1912,180,0,head_trunc,10
test/08December_2009_Tuesday_tagesschau-1938,172,30,head_trunc,40
test/07September_2010_Tuesday_tagesschau-1945,79,50,none,none
test/07September_2010_Tuesday_tagesschau-1954,197,50,none,none
test/11May_2010_Tuesday_tagesschau-1969,94,50,none,none
test/03July_2009_Friday_tagesschau-2014,141,50,none,none
test/03July_2009_Friday_tagesschau-2015,84,10,head_trunc,20
test/30April_2010_Friday_tagesschau-2025,119,50,none,none
test/25October_2010_Monday_heute-2049,206,10,head_trunc,20
test/03February_2010_Wednesday_tagesschau-2054,206,10,tail_trunc,20
test/03February_2010_Wednesday_tagesschau-2056,74,50,none,none
test/03February_2010_Wednesday_tagesschau-2061,59,20,tail_contam,30
test/03February_2010_Wednesday_tagesschau-2062,91,50,none,none
test/03February_2010_Wednesday_tagesschau-2064,104,50,none,none
test/14December_2009_Monday_tagesschau-2088,119,50,none,none
test/14December_2009_Monday_tagesschau-2092,112,50,none,none
test/14December_2009_Monday_tagesschau-2093,80,10,tail_trunc,20
test/18November_2011_Friday_tagesschau-2142,62,40,tail_trunc,50
test/17April_2011_Sunday_tagesschau-2152,97,50,none,none
test/06August_2010_Friday_tagesschau-2178,115,30,head_trunc,40
test/24August_2010_Tuesday_tagesschau-2196,136,30,head_trunc,40
test/30December_2010_Thursday_tagesschau-2232,80,50,none,none
test/05January_2011_Wednesday_tagesschau-2255,115,0,head_trunc,10
test/30October_2009_Friday_tagesschau-2267,139,50,none,none
test/30October_2009_Friday_tagesschau-2273,106,0,head_trunc,10
test/30October_2009_Friday_tagesschau-2274,144,0,tail_contam,10
test/28March_2011_Monday_tagesschau-2285,164,10,tail_trunc,20
test/28March_2011_Monday_tagesschau-2286,63,50,none,none
test/28March_2011_Monday_tagesschau-2287,113,10,head_trunc,20
test/13April_2010_Tuesday_tagesschau-2308,140,0,head_trunc,10
test/13April_2010_Tuesday_tagesschau-2314,66,50,none,none
test/13April_2010_Tuesday_tagesschau-2318,122,50,none,none
test/26September_2009_Saturday_tagesschau-2336,86,0,head_contam,10
test/26September_2009_Saturday_tagesschau-2339,73,0,head_contam,10
test/26September_2009_Saturday_tagesschau-2340,126,40,tail_trunc,50
test/26September_2009_Saturday_tagesschau-2341,169,50,none,none
test/03February_2010_Wednesday_heute-2354,54,0,head_trunc,10
test/03February_2010_Wednesday_heute-2355,26,50,none,none
test/03February_2010_Wednesday_heute-2356,65,10,tail_contam,20
test/03February_2010_Wednesday_heute-2360,44,30,head_contam,40
test/03February_2010_Wednesday_heute-2361,100,40,tail_trunc,50
test/03February_2010_Wednesday_heute-2362,36,20,head_trunc,30
test/14July_2009_Tuesday_tagesschau-2425,32,30,tail_trunc,40
test/14July_2009_Tuesday_tagesschau-2427,82,20,head_trunc,30
test/14July_2009_Tuesday_tagesschau-2430,101,50,none,none
test/14July_2009_Tuesday_tagesschau-2433,77,0,tail_trunc,10
test/10February_2010_Wednesday_tagesschau-2514,68,0,head_trunc,10
test/10February_2010_Wednesday_tagesschau-2515,94,50,none,none
test/10February_2010_Wednesday_tagesschau-2523,109,50,none,none
test/25November_2010_Thursday_tagesschau-2527,187,40,head_trunc,50
test/25November_2010_Thursday_tagesschau-2528,47,0,head_trunc,10
test/12January_2010_Tuesday_heute-2543,112,40,head_trunc,50
test/12January_2010_Tuesday_heute-2544,113,10,head_trunc,20
test/22September_2010_Wednesday_heute-2624,134,50,none,none
test/22September_2010_Wednesday_heute-2625,70,30,head_trunc,40
test/22September_2010_Wednesday_heute-2626,33,50,none,none
test/03June_2010_Thursday_tagesschau-2628,83,0,head_contam,10
test/03June_2010_Thursday_tagesschau-2629,123,30,tail_trunc,40
test/03June_2010_Thursday_tagesschau-2636,131,30,head_trunc,40
test/06July_2010_Tuesday_tagesschau-2657,56,50,none,none
test/06July_2010_Tuesday_tagesschau-2658,91,10,head_trunc,20
test/05January_2010_Tuesday_tagesschau-2667,124,20,head_trunc,30
test/05January_2010_Tuesday_tagesschau-2668,87,50,none,none
test/19January_2011_Wednesday_heute-2690,42,50,none,none
test/01October_2010_Friday_tagesschau-2700,110,50,none,none
test/01October_2010_Friday_tagesschau-2701,91,30,head_trunc,40
test/31January_2013_Thursday_tagesschau-2708,132,40,head_trunc,50
test/31January_2013_Thursday_tagesschau-2713,97,50,none,none
test/03August_2010_Tuesday_tagesschau-2780,119,50,none,none
test/26January_2010_Tuesday_tagesschau-2784,91,50,none,none
test/08February_2010_Monday_tagesschau-2797,148,10,head_contam,20
test/04March_2011_Friday_tagesschau-2838,198,40,head_trunc,50
test/02October_2012_Tuesday_tagesschau-2847,120,40,head_trunc,50
test/02July_2009_Thursday_tagesschau-2860,135,0,head_contam,10
test/22July_2009_Wednesday_tagesschau-2873,161,30,tail_contam,40
test/28January_2010_Thursday_heute-2882,54,50,none,none
test/28January_2010_Thursday_heute-2883,87,10,head_contam,20
test/24October_2010_Sunday_tagesschau-2908,178,50,none,none
test/24October_2010_Sunday_tagesschau-2909,149,10,head_contam,20
test/24October_2010_Sunday_tagesschau-2910,48,40,head_trunc,50
test/05February_2010_Friday_tagesschau-2916,87,50,none,none
test/05February_2010_Friday_tagesschau-2924,121,10,head_trunc,20
test/20September_2010_Monday_heute-2929,34,0,tail_contam,10
test/20September_2010_Monday_heute-2930,87,10,head_trunc,20
test/29September_2012_Saturday_tagesschau-2963,135,50,none,none
test/25January_2011_Tuesday_tagesschau-2993,229,40,head_trunc,50
test/24August_2010_Tuesday_heute-3006,35,50,none,none
test/24August_2010_Tuesday_heute-3007,106,0,head_trunc,10
test/24August_2010_Tuesday_heute-3010,123,30,head_trunc,40
test/07October_2012_Sunday_tagesschau-3032,57,50,none,none
test/07October_2012_Sunday_tagesschau-3033,111,50,none,none
test/31January_2011_Monday_heute-3053,27,10,tail_contam,20
test/20April_2011_Wednesday_tagesschau-3086,122,50,none,none
test/16November_2009_Monday_tagesschau-3105,93,20,tail_contam,30
test/16November_2009_Monday_tagesschau-3106,26,50,none,none
test/21April_2010_Wednesday_heute-3108,34,50,none,none
test/21April_2010_Wednesday_heute-3109,43,0,head_trunc,10
test/24May_2010_Monday_tagesschau-3139,113,50,none,none
test/26August_2009_Wednesday_tagesschau-3213,109,50,none,none
test/26August_2009_Wednesday_tagesschau-3226,91,50,none,none
test/26August_2009_Wednesday_tagesschau-3227,88,20,head_trunc,30
test/14August_2011_Sunday_tagesschau-3230,77,30,head_trunc,40
test/14August_2011_Sunday_tagesschau-3232,120,50,none,none
test/22February_2010_Monday_tagesschau-3246,138,40,head_trunc,50
test/22February_2010_Monday_tagesschau-3247,43,0,head_trunc,10
test/22September_2010_Wednesday_tagesschau-3258,184,30,head_trunc,40
test/27August_2009_Thursday_tagesschau-3267,88,50,none,none
test/27August_2009_Thursday_tagesschau-3268,63,10,head_contam,20
test/27August_2009_Thursday_tagesschau-3269,120,0,head_trunc,10
test/15March_2011_Tuesday_tagesschau-3322,89,30,head_trunc,40
test/15March_2011_Tuesday_tagesschau-3325,141,20,head_trunc,30
test/15March_2011_Tuesday_tagesschau-3326,71,30,head_trunc,40
test/05May_2010_Wednesday_tagesschau-3348,155,30,head_trunc,40
test/05May_2010_Wednesday_tagesschau-3352,132,40,head_trunc,50
test/05May_2010_Wednesday_tagesschau-3353,146,10,head_contam,20
test/05May_2010_Wednesday_tagesschau-3359,31,0,tail_trunc,10
test/05May_2010_Wednesday_tagesschau-3360,134,50,none,none
test/18May_2010_Tuesday_heute-3366,219,50,none,none
test/01April_2011_Friday_tagesschau-3374,96,50,none,none
test/01April_2011_Friday_tagesschau-3377,171,20,tail_contam,30
test/01April_2011_Friday_tagesschau-3387,79,50,none,none
test/01April_2011_Friday_tagesschau-3388,75,50,none,none
test/17September_2010_Friday_tagesschau-3412,106,20,head_contam,30
test/17September_2010_Friday_tagesschau-3413,47,10,head_trunc,20
test/23September_2010_Thursday_tagesschau-3448,162,20,head_trunc,30
test/01December_2011_Thursday_tagesschau-3473,192,50,none,none
test/25September_2010_Saturday_tagesschau-3489,186,30,head_trunc,40
test/11December_2009_Friday_tagesschau-3504,105,50,none,none
test/11November_2010_Thursday_tagesschau-3564,103,0,head_contam,10
test/11November_2010_Thursday_tagesschau-3565,88,20,tail_trunc,30
test/28January_2013_Monday_tagesschau-3624,200,50,none,none
test/02December_2010_Thursday_tagesschau-3631,129,10,head_contam,20
test/22April_2010_Thursday_tagesschau-3736,97,50,none,none
test/22April_2010_Thursday_tagesschau-3738,147,30,head_trunc,40
test/05May_2011_Thursday_heute-3747,67,0,head_contam,10
test/19November_2009_Thursday_tagesschau-3781,83,50,none,none
test/19September_2010_Sunday_tagesschau-3802,196,40,head_trunc,50
test/14April_2010_Wednesday_tagesschau-3809,184,0,head_trunc,10
test/14February_2010_Sunday_tagesschau-3834,121,0,tail_trunc,10
test/25June_2010_Friday_tagesschau-3877,130,50,none,none
test/25June_2010_Friday_tagesschau-3879,179,40,head_trunc,50
test/25June_2010_Friday_tagesschau-3880,50,20,tail_trunc,30
test/25June_2010_Friday_tagesschau-3881,107,20,head_contam,30
test/25June_2010_Friday_tagesschau-3882,147,50,none,none
test/17June_2010_Thursday_tagesschau-3903,94,50,none,none
test/05June_2010_Saturday_tagesschau-3925,61,10,head_trunc,20
test/05June_2010_Saturday_tagesschau-3926,33,20,head_trunc,30
test/05June_2010_Saturday_tagesschau-3932,138,50,none,none
test/24March_2011_Thursday_tagesschau-3937,123,50,none,none
test/24March_2011_Thursday_tagesschau-3938,56,20,tail_contam,30
test/08April_2010_Thursday_tagesschau-3950,87,10,head_contam,20
test/08April_2010_Thursday_tagesschau-3957,150,20,head_trunc,30
test/08April_2010_Thursday_tagesschau-3961,79,50,none,none
test/24April_2010_Saturday_tagesschau-3967,129,50,none,none
test/24April_2010_Saturday_tagesschau-3971,81,10,head_contam,20
test/08January_2010_Friday_tagesschau-3981,217,50,none,none
test/04May_2011_Wednesday_heute-3991,113,0,head_trunc,10
test/04May_2011_Wednesday_heute-3995,108,10,tail_trunc,20
test/18January_2010_Monday_tagesschau-4023,96,50,none,none
test/02December_2009_Wednesday_tagesschau-4039,92,50,none,none
test/02December_2009_Wednesday_tagesschau-4045,142,50,none,none
test/15July_2010_Thursday_tagesschau-4056,103,30,tail_contam,40
test/05September_2009_Saturday_tagesschau-4085,37,50,none,none
test/19February_2010_Friday_tagesschau-4093,143,0,head_trunc,10
test/21October_2011_Friday_tagesschau-4103,115,0,head_contam,10
test/21October_2011_Friday_tagesschau-4104,172,0,tail_trunc,10
test/07October_2010_Thursday_tagesschau-4117,97,50,none,none
test/07October_2010_Thursday_tagesschau-4121,106,40,head_trunc,50
test/07October_2010_Thursday_tagesschau-4122,133,50,none,none
test/07October_2010_Thursday_tagesschau-4127,139,50,none,none
test/07October_2010_Thursday_tagesschau-4129,97,20,tail_trunc,30
test/07December_2010_Tuesday_tagesschau-4155,99,40,tail_trunc,50
test/08December_2009_Tuesday_heute-4198,48,50,none,none
test/08December_2009_Tuesday_heute-4199,48,0,tail_trunc,10
test/24October_2009_Saturday_tagesschau-4286,53,50,none,none
test/24October_2009_Saturday_tagesschau-4287,45,0,tail_trunc,10
test/24October_2009_Saturday_tagesschau-4289,93,50,none,none
test/01April_2010_Thursday_tagesschau-4329,56,50,none,none
test/01April_2010_Thursday_tagesschau-4330,82,50,none,none
test/01April_2010_Thursday_tagesschau-4331,88,40,head_trunc,50
test/01April_2010_Thursday_tagesschau-4332,64,10,head_trunc,20
test/23May_2010_Sunday_tagesschau-4337,118,40,tail_contam,50
test/11August_2009_Tuesday_tagesschau-4354,56,0,head_trunc,10
test/11August_2009_Tuesday_tagesschau-4355,129,50,none,none
test/11August_2009_Tuesday_tagesschau-4356,95,50,none,none
test/25November_2011_Friday_tagesschau-4398,113,50,none,none
test/25November_2011_Friday_tagesschau-4399,149,50,none,none
test/12August_2010_Thursday_tagesschau-4403,139,0,head_trunc,10
test/24May_2011_Tuesday_tagesschau-4468,147,20,tail_trunc,30
test/24May_2011_Tuesday_tagesschau-4477,146,20,tail_contam,30
test/29June_2011_Wednesday_tagesschau-4490,41,50,none,none
test/09February_2010_Tuesday_tagesschau-4504,86,20,head_trunc,30
test/18February_2010_Thursday_tagesschau-4531,54,40,tail_trunc,50
test/18February_2010_Thursday_tagesschau-4532,51,40,head_trunc,50
test/18February_2010_Thursday_tagesschau-4533,56,50,none,none
test/28October_2009_Wednesday_tagesschau-4535,104,50,none,none
test/28October_2009_Wednesday_tagesschau-4537,127,40,head_trunc,50
test/28October_2009_Wednesday_tagesschau-4539,107,40,tail_trunc,50
test/28October_2009_Wednesday_tagesschau-4540,77,50,none,none
test/28October_2009_Wednesday_tagesschau-4543,79,0,tail_trunc,10
test/28October_2009_Wednesday_tagesschau-4544,104,50,none,none
test/04April_2010_Sunday_tagesschau-4574,125,40,tail_trunc,50
test/13September_2010_Monday_tagesschau-4592,104,50,none,none
test/22November_2011_Tuesday_heute-4646,122,0,head_trunc,10
test/07February_2011_Monday_heute-4658,34,10,head_contam,20
test/28September_2009_Monday_tagesschau-4681,22,20,tail_trunc,30
test/28September_2009_Monday_tagesschau-4682,103,30,head_trunc,40
test/19March_2011_Saturday_tagesschau-4686,157,0,head_trunc,10
test/02March_2011_Wednesday_tagesschau-4702,95,50,none,none
test/04October_2010_Monday_tagesschau-4722,97,30,tail_trunc,40
test/04October_2010_Monday_tagesschau-4723,94,50,none,none
test/12December_2009_Saturday_tagesschau-4728,157,20,head_trunc,30
test/24February_2011_Thursday_tagesschau-4771,104,50,none,none
test/04December_2010_Saturday_tagesschau-4834,123,50,none,none
test/21January_2011_Friday_tagesschau-4889,127,40,head_trunc,50
test/21November_2009_Saturday_tagesschau-4907,80,30,tail_contam,40
test/21November_2009_Saturday_tagesschau-4908,92,40,tail_contam,50
test/28February_2011_Monday_tagesschau-4988,39,50,none,none
test/01June_2010_Tuesday_tagesschau-5008,44,30,tail_trunc,40
test/01June_2010_Tuesday_tagesschau-5009,242,50,none,none
test/29August_2009_Saturday_tagesschau-5018,90,0,head_contam,10
test/29August_2009_Saturday_tagesschau-5019,53,10,tail_contam,20
test/29August_2009_Saturday_tagesschau-5020,61,50,none,none
test/01September_2010_Wednesday_tagesschau-5039,112,40,head_trunc,50
test/16July_2009_Thursday_tagesschau-5052,164,40,head_trunc,50
test/21May_2010_Friday_tagesschau-5092,127,20,head_contam,30
test/21May_2010_Friday_tagesschau-5094,114,50,none,none
test/21May_2010_Friday_tagesschau-5096,111,30,head_trunc,40
test/21May_2010_Friday_tagesschau-5097,38,40,head_trunc,50
test/17July_2009_Friday_tagesschau-5101,102,30,head_trunc,40
test/17July_2009_Friday_tagesschau-5104,113,0,head_trunc,10
test/17July_2009_Friday_tagesschau-5105,105,50,none,none
test/17July_2009_Friday_tagesschau-5106,66,40,tail_contam,50
test/05April_2011_Tuesday_heute-5120,66,0,head_trunc,10
test/27November_2011_Sunday_tagesschau-5138,102,50,none,none
test/27November_2011_Sunday_tagesschau-5149,113,40,head_trunc,50
test/27August_2010_Friday_tagesschau-5164,126,20,head_trunc,30
test/14September_2010_Tuesday_tagesschau-5220,188,50,none,none
test/14September_2010_Tuesday_tagesschau-5223,112,40,head_trunc,50
test/16May_2010_Sunday_tagesschau-5226,138,20,head_contam,30
test/08September_2010_Wednesday_tagesschau-5240,136,10,head_trunc,20
test/08September_2010_Wednesday_tagesschau-5246,119,30,tail_contam,40
test/20July_2010_Tuesday_heute-5254,43,0,tail_trunc,10
test/06September_2009_Sunday_tagesschau-5308,114,50,none,none
test/06September_2009_Sunday_tagesschau-5309,117,50,none,none
test/23August_2010_Monday_heute-5328,57,40,tail_trunc,50
test/23August_2010_Monday_heute-5329,98,50,none,none
test/08October_2009_Thursday_tagesschau-5345,82,50,none,none
test/08October_2009_Thursday_tagesschau-5352,55,50,none,none
test/08October_2009_Thursday_tagesschau-5353,57,40,head_trunc,50
test/08October_2009_Thursday_tagesschau-5357,73,40,head_contam,50
test/08October_2009_Thursday_tagesschau-5358,32,50,none,none
test/08October_2009_Thursday_tagesschau-5359,89,0,tail_trunc,10
test/01October_2012_Monday_tagesschau-5370,139,50,none,none
test/08July_2010_Thursday_tagesschau-5388,49,20,head_contam,30
test/08July_2010_Thursday_tagesschau-5389,89,0,head_contam,10
test/21November_2011_Monday_heute-5428,107,0,head_contam,10
test/21November_2011_Monday_heute-5437,26,50,none,none
test/05March_2011_Saturday_tagesschau-5442,73,40,head_trunc,50
test/05March_2011_Saturday_tagesschau-5443,103,10,head_trunc,20
test/05March_2011_Saturday_tagesschau-5447,127,30,head_trunc,40
test/08June_2010_Tuesday_tagesschau-5521,159,0,head_trunc,10
test/08June_2010_Tuesday_tagesschau-5524,153,40,tail_trunc,50
test/08June_2010_Tuesday_tagesschau-5529,69,50,none,none
test/08June_2010_Tuesday_tagesschau-5530,120,0,head_trunc,10
test/06October_2011_Thursday_heute-5534,98,0,tail_trunc,10
test/06October_2011_Thursday_heute-5535,51,40,head_contam,50
test/17May_2010_Monday_heute-5576,130,50,none,none
test/17May_2010_Monday_heute-5577,43,50,none,none
test/18November_2009_Wednesday_tagesschau-5578,111,50,none,none
test/07December_2010_Tuesday_heute-5633,123,20,tail_trunc,30
test/06January_2011_Thursday_tagesschau-5641,88,0,head_trunc,10
test/15May_2010_Saturday_tagesschau-5656,130,20,head_trunc,30
test/15May_2010_Saturday_tagesschau-5659,132,30,head_trunc,40
test/21November_2010_Sunday_tagesschau-5672,113,50,none,none
test/21November_2010_Sunday_tagesschau-5676,146,30,head_trunc,40
test/24November_2009_Tuesday_tagesschau-5678,190,50,none,none
test/24November_2009_Tuesday_tagesschau-5679,64,0,head_trunc,10
test/24November_2009_Tuesday_tagesschau-5680,40,50,none,none
test/24November_2009_Tuesday_tagesschau-5684,108,30,head_trunc,40
test/24November_2009_Tuesday_tagesschau-5685,49,0,head_trunc,10
test/24November_2009_Tuesday_tagesschau-5686,38,50,none,none
test/24November_2009_Tuesday_tagesschau-5688,89,50,none,none
test/24November_2009_Tuesday_tagesschau-5689,117,50,none,none
test/24November_2009_Tuesday_tagesschau-5690,90,30,tail_contam,40
test/24November_2009_Tuesday_tagesschau-5691,29,50,none,none
test/24November_2009_Tuesday_tagesschau-5692,44,0,head_trunc,10
test/30March_2010_Tuesday_tagesschau-5699,114,0,head_trunc,10
test/29August_2011_Monday_tagesschau-5710,143,20,head_trunc,30
test/30November_2009_Monday_tagesschau-5750,146,30,tail_trunc,40
test/30November_2009_Monday_tagesschau-5751,129,10,head_trunc,20
test/30November_2009_Monday_tagesschau-5752,112,0,head_trunc,10
test/30November_2009_Monday_tagesschau-5753,78,50,none,none
test/03October_2010_Sunday_tagesschau-5770,179,40,head_trunc,50
test/12December_2011_Monday_heute-5800,131,0,tail_trunc,10
test/12December_2011_Monday_heute-5804,72,50,none,none
test/12December_2011_Monday_heute-5805,67,40,tail_trunc,50
test/12December_2011_Monday_heute-5811,81,0,head_trunc,10
test/25March_2011_Friday_tagesschau-5828,198,50,none,none
test/09November_2010_Tuesday_heute-5840,41,50,none,none
test/28August_2009_Friday_tagesschau-5878,141,40,head_trunc,50
test/28August_2009_Friday_tagesschau-5879,48,10,head_trunc,20
test/28August_2009_Friday_tagesschau-5881,72,30,head_trunc,40
test/28August_2009_Friday_tagesschau-5882,46,30,tail_trunc,40
test/28August_2009_Friday_tagesschau-5883,85,50,none,none
test/28August_2009_Friday_tagesschau-5884,40,50,none,none
test/28August_2009_Friday_tagesschau-5886,108,20,head_trunc,30
test/09August_2010_Monday_heute-5890,110,10,tail_contam,20
test/09August_2010_Monday_heute-5891,64,0,head_contam,10
test/09August_2010_Monday_heute-5892,113,50,none,none
test/16December_2009_Wednesday_tagesschau-5907,126,30,tail_contam,40
test/16December_2009_Wednesday_tagesschau-5912,47,50,none,none
test/16December_2009_Wednesday_tagesschau-5913,78,0,tail_trunc,10
test/16December_2009_Wednesday_tagesschau-5914,46,50,none,none
test/04October_2010_Monday_heute-5953,113,10,head_trunc,20
test/09June_2010_Wednesday_tagesschau-5960,118,0,head_trunc,10
test/09June_2010_Wednesday_tagesschau-5961,89,10,head_trunc,20
test/11May_2010_Tuesday_heute-5990,170,20,tail_trunc,30
test/11May_2010_Tuesday_heute-5994,41,50,none,none
test/25August_2010_Wednesday_heute-6005,189,0,tail_trunc,10
test/25August_2010_Wednesday_heute-6006,35,0,head_contam,10
test/07April_2010_Wednesday_tagesschau-6024,101,30,tail_contam,40
test/24May_2011_Tuesday_heute-6062,37,50,none,none
test/24May_2011_Tuesday_heute-6067,135,0,tail_contam,10
test/24September_2009_Thursday_heute-6079,78,0,tail_contam,10
test/24September_2009_Thursday_heute-6080,29,40,tail_trunc,50
test/24September_2009_Thursday_heute-6081,82,50,none,none
test/24September_2009_Thursday_heute-6082,68,40,head_trunc,50
test/24September_2009_Thursday_heute-6083,98,20,head_trunc,30
test/24September_2009_Thursday_heute-6084,68,50,none,none
test/24September_2009_Thursday_heute-6090,40,30,tail_trunc,40
test/24September_2009_Thursday_heute-6091,37,50,none,none
test/18December_2010_Saturday_tagesschau-6118,113,50,none,none
test/18December_2010_Saturday_tagesschau-6125,62,50,none,none
test/18December_2010_Saturday_tagesschau-6126,117,50,none,none
test/07August_2009_Friday_tagesschau-6165,114,50,none,none
test/21April_2010_Wednesday_tagesschau-6235,94,50,none,none
test/26July_2010_Monday_tagesschau-6266,151,30,tail_trunc,40
test/26July_2010_Monday_tagesschau-6267,91,30,head_trunc,40
test/26July_2010_Monday_tagesschau-6268,75,0,head_trunc,10
test/16September_2010_Thursday_tagesschau-6278,158,30,head_trunc,40
test/17February_2011_Thursday_tagesschau-6310,105,30,head_trunc,40
test/24January_2013_Thursday_tagesschau-6322,132,10,head_trunc,20
test/24July_2010_Saturday_tagesschau-6343,152,30,head_trunc,40
test/06June_2010_Sunday_tagesschau-6363,180,40,tail_trunc,50
test/10January_2011_Monday_tagesschau-6402,51,0,head_contam,10
test/10January_2011_Monday_tagesschau-6403,75,0,tail_trunc,10
test/06May_2011_Friday_tagesschau-6434,79,30,head_trunc,40
test/06May_2011_Friday_tagesschau-6435,131,50,none,none
test/06May_2011_Friday_tagesschau-6436,97,50,none,none
test/20June_2011_Monday_heute-6510,138,0,tail_trunc,10
test/20June_2011_Monday_heute-6511,45,20,tail_trunc,30
test/20June_2011_Monday_heute-6516,120,40,head_contam,50
test/20November_2009_Friday_tagesschau-6560,97,50,none,none
test/20November_2009_Friday_tagesschau-6561,124,40,head_contam,50
test/20November_2009_Friday_tagesschau-6562,124,10,tail_contam,20
test/20November_2009_Friday_tagesschau-6565,75,50,none,none
test/20November_2009_Friday_tagesschau-6566,122,40,head_trunc,50
test/20November_2009_Friday_tagesschau-6567,47,50,none,none
test/20November_2009_Friday_tagesschau-6574,78,30,tail_trunc,40
test/20November_2009_Friday_tagesschau-6575,72,0,tail_trunc,10
test/01June_2010_Tuesday_heute-6603,50,30,head_trunc,40
test/24July_2011_Sunday_tagesschau-6630,66,20,head_contam,30
test/24July_2011_Sunday_tagesschau-6631,74,50,none,none
test/24July_2011_Sunday_tagesschau-6632,41,10,head_trunc,20
test/24August_2009_Monday_heute-6642,101,30,head_trunc,40
test/24August_2009_Monday_heute-6643,50,0,head_trunc,10
test/24August_2009_Monday_heute-6648,137,50,none,none
test/18April_2010_Sunday_tagesschau-6663,161,40,head_trunc,50
test/24February_2011_Thursday_heute-6666,118,40,tail_contam,50
test/01April_2010_Thursday_heute-6704,28,0,head_contam,10
test/01April_2010_Thursday_heute-6705,36,0,head_trunc,10
test/08July_2011_Friday_tagesschau-6727,117,20,head_trunc,30
test/08July_2011_Friday_tagesschau-6729,153,20,tail_trunc,30
test/23July_2009_Thursday_tagesschau-6750,108,50,none,none
test/23July_2009_Thursday_tagesschau-6751,137,0,head_trunc,10
test/23July_2009_Thursday_tagesschau-6752,30,0,head_trunc,10
test/02June_2010_Wednesday_heute-6789,89,40,head_trunc,50
test/18February_2011_Friday_tagesschau-6825,96,30,head_contam,40
test/10May_2010_Monday_tagesschau-6854,154,50,none,none
test/06July_2011_Wednesday_tagesschau-6865,48,10,tail_contam,20
test/08November_2010_Monday_heute-6874,47,20,head_contam,30
test/08November_2010_Monday_heute-6875,36,0,head_trunc,10
test/10August_2009_Monday_heute-6893,140,0,head_contam,10
test/10August_2009_Monday_heute-6897,81,30,tail_trunc,40
test/10August_2009_Monday_heute-6902,104,40,tail_trunc,50
test/10August_2009_Monday_heute-6903,64,30,head_trunc,40
test/08November_2010_Monday_tagesschau-6922,126,20,head_contam,30
test/13December_2010_Monday_tagesschau-6940,123,30,tail_contam,40
test/13December_2010_Monday_tagesschau-6944,33,30,head_trunc,40
test/01June_2011_Wednesday_tagesschau-6952,78,10,tail_trunc,20
test/15December_2009_Tuesday_tagesschau-6963,109,0,tail_trunc,10
test/24January_2011_Monday_heute-6981,176,30,head_trunc,40
test/18January_2011_Tuesday_tagesschau-6987,108,50,none,none
test/18January_2011_Tuesday_tagesschau-6989,82,10,head_trunc,20
test/17January_2011_Monday_tagesschau-7005,132,30,tail_trunc,40
test/29November_2009_Sunday_tagesschau-7044,65,20,head_trunc,30
test/29November_2009_Sunday_tagesschau-7045,75,0,head_contam,10
test/25August_2009_Tuesday_tagesschau-7085,136,30,head_trunc,40
test/25August_2009_Tuesday_tagesschau-7086,62,20,tail_contam,30
test/25August_2009_Tuesday_tagesschau-7092,113,40,head_trunc,50
test/07December_2009_Monday_tagesschau-7103,56,50,none,none
test/30March_2011_Wednesday_tagesschau-7125,94,50,none,none
test/01May_2010_Saturday_tagesschau-7194,123,50,none,none
test/01May_2010_Saturday_tagesschau-7195,132,40,tail_trunc,50
test/04July_2010_Sunday_tagesschau-7205,76,40,tail_trunc,50
test/04July_2010_Sunday_tagesschau-7206,101,50,none,none
test/29September_2011_Thursday_tagesschau-7236,61,30,head_contam,40
test/24January_2013_Thursday_heute-7259,148,50,none,none
test/24January_2013_Thursday_heute-7266,102,50,none,none
test/26April_2010_Monday_tagesschau-7272,156,0,tail_trunc,10
test/24June_2010_Thursday_tagesschau-7300,88,50,none,none
test/27November_2009_Friday_tagesschau-7340,56,0,head_trunc,10
test/27November_2009_Friday_tagesschau-7341,88,20,head_trunc,30
test/27November_2009_Friday_tagesschau-7342,58,0,head_trunc,10
test/06February_2010_Saturday_tagesschau-7362,122,0,head_contam,10
test/06February_2010_Saturday_tagesschau-7363,24,0,head_trunc,10
test/06February_2010_Saturday_tagesschau-7365,72,50,none,none
test/27June_2010_Sunday_tagesschau-7392,159,40,tail_contam,50
test/04January_2010_Monday_heute-7395,48,50,none,none
test/29July_2010_Thursday_tagesschau-7420,56,50,none,none
test/29July_2010_Thursday_tagesschau-7421,93,40,head_trunc,50
test/15February_2011_Tuesday_tagesschau-7473,44,0,head_trunc,10
test/15February_2011_Tuesday_tagesschau-7474,84,30,head_trunc,40
test/28May_2010_Friday_tagesschau-7501,119,50,none,none
test/13July_2009_Monday_tagesschau-7507,67,20,tail_trunc,30
test/13July_2009_Monday_tagesschau-7508,153,0,tail_trunc,10
test/13July_2009_Monday_tagesschau-7509,99,0,head_trunc,10
test/13July_2009_Monday_tagesschau-7510,132,20,tail_contam,30
test/23September_2009_Wednesday_tagesschau-7589,104,40,head_trunc,50
test/23September_2009_Wednesday_tagesschau-7590,42,50,none,none
test/14March_2011_Monday_tagesschau-7600,35,20,tail_trunc,30
test/03June_2011_Friday_tagesschau-7644,103,40,head_trunc,50
test/03October_2012_Wednesday_tagesschau-7654,105,50,none,none
test/25November_2009_Wednesday_tagesschau-7666,101,50,none,none
test/25November_2009_Wednesday_tagesschau-7668,98,20,head_contam,30
test/25November_2009_Wednesday_tagesschau-7677,55,20,head_trunc,30
test/25November_2009_Wednesday_tagesschau-7678,32,30,head_trunc,40
test/12April_2010_Monday_heute-7690,169,40,tail_contam,50
test/15October_2009_Thursday_tagesschau-7715,72,0,head_trunc,10
test/06January_2010_Wednesday_tagesschau-7728,93,0,head_trunc,10
test/06January_2010_Wednesday_tagesschau-7736,57,0,head_contam,10
test/06January_2010_Wednesday_tagesschau-7737,32,10,head_trunc,20
test/04December_2011_Sunday_tagesschau-7791,101,40,tail_trunc,50
test/04December_2011_Sunday_tagesschau-7792,57,30,head_trunc,40
test/25January_2013_Friday_tagesschau-7811,109,50,none,none
test/23January_2011_Sunday_tagesschau-7823,124,40,tail_contam,50
test/26May_2010_Wednesday_heute-7863,55,50,none,none
test/20February_2010_Saturday_tagesschau-7899,110,50,none,none
test/15February_2011_Tuesday_heute-7911,144,40,head_trunc,50
test/10December_2009_Thursday_heute-7943,98,50,none,none
test/10December_2009_Thursday_heute-7944,32,50,none,none
test/10December_2009_Thursday_heute-7945,212,0,head_trunc,10
test/13July_2011_Wednesday_tagesschau-7978,111,0,head_trunc,10
test/28January_2013_Monday_heute-7998,158,50,none,none
test/11January_2011_Tuesday_tagesschau-8017,106,50,none,none
test/11January_2011_Tuesday_tagesschau-8021,167,40,tail_trunc,50
test/11January_2011_Tuesday_tagesschau-8032,74,40,head_contam,50
test/11November_2009_Wednesday_tagesschau-8041,67,20,head_contam,30
test/11November_2009_Wednesday_tagesschau-8042,85,40,tail_trunc,50
test/07April_2011_Thursday_tagesschau-8101,87,30,head_contam,40
test/29March_2011_Tuesday_tagesschau-8108,98,50,none,none
test/27May_2011_Friday_tagesschau-8129,106,50,none,none
test/16June_2010_Wednesday_tagesschau-8148,123,20,tail_contam,30
test/16June_2010_Wednesday_tagesschau-8149,17,0,head_trunc,10
test/20October_2010_Wednesday_tagesschau-8210,101,40,head_trunc,50
test/20October_2010_Wednesday_tagesschau-8214,77,50,none,none
test/14September_2010_Tuesday_heute-8237,103,0,head_trunc,10
test/14September_2010_Tuesday_heute-8238,173,0,head_trunc,10
test/14September_2010_Tuesday_heute-8239,106,10,head_trunc,20
test/09June_2010_Wednesday_heute-8259,61,0,head_trunc,10
test/09June_2010_Wednesday_heute-8260,85,20,head_trunc,30
test/12December_2011_Monday_tagesschau-8269,122,0,tail_trunc,10
test/19October_2010_Tuesday_tagesschau-8289,183,40,tail_trunc,50
test/19October_2010_Tuesday_tagesschau-8290,60,0,head_trunc,10
test/19October_2010_Tuesday_tagesschau-8291,52,0,tail_contam,10
test/24November_2011_Thursday_tagesschau-8341,108,10,head_trunc,20
test/24November_2011_Thursday_tagesschau-8342,95,30,tail_contam,40
test/28September_2010_Tuesday_heute-8343,25,50,none,none
test/28September_2010_Tuesday_heute-8344,148,50,none,none
test/28September_2010_Tuesday_heute-8355,113,40,tail_trunc,50
test/27May_2010_Thursday_tagesschau-8382,153,30,tail_contam,40
test/29March_2010_Monday_tagesschau-8387,58,40,head_contam,50
test/29March_2010_Monday_tagesschau-8388,57,30,head_trunc,40
test/29March_2010_Monday_tagesschau-8389,26,40,head_contam,50
test/03September_2010_Friday_tagesschau-8428,131,50,none,none
test/03September_2010_Friday_tagesschau-8429,89,40,head_contam,50
test/13August_2009_Thursday_tagesschau-8491,157,40,head_trunc,50
test/13August_2009_Thursday_tagesschau-8492,74,40,head_trunc,50
test/25August_2010_Wednesday_tagesschau-8507,127,20,head_contam,30
test/25August_2010_Wednesday_tagesschau-8508,121,50,none,none
test/25August_2010_Wednesday_tagesschau-8509,98,50,none,none
test/25August_2010_Wednesday_tagesschau-8516,107,40,head_trunc,50
test/04January_2010_Monday_tagesschau-8544,94,50,none,none
test/04January_2010_Monday_tagesschau-8550,96,50,none,none
test/04January_2010_Monday_tagesschau-8551,37,50,none,none
test/04January_2010_Monday_tagesschau-8552,100,50,none,none
test/07October_2010_Thursday_heute-8568,176,30,tail_trunc,40
test/30July_2011_Saturday_tagesschau-8595,98,40,head_trunc,50
test/13November_2009_Friday_tagesschau-8607,130,30,head_trunc,40
test/13November_2009_Friday_tagesschau-8608,61,50,none,none
test/29April_2010_Thursday_heute-8626,62,20,head_trunc,30
test/29April_2010_Thursday_heute-8627,73,20,head_contam,30
test/11April_2010_Sunday_tagesschau-8632,95,50,none,none
test/11December_2010_Saturday_tagesschau-8661,113,30,head_trunc,40
test/11December_2010_Saturday_tagesschau-8669,95,30,head_trunc,40
test/05July_2010_Monday_heute-8688,116,50,none,none
test/05July_2010_Monday_heute-8689,73,40,head_trunc,50
test/24January_2010_Sunday_tagesschau-8703,117,50,none,none
test/06October_2012_Saturday_tagesschau-8742,94,40,head_trunc,50
test/06October_2012_Saturday_tagesschau-8743,71,10,head_trunc,20
test/11February_2010_Thursday_tagesschau-8761,110,30,tail_contam,40
test/11September_2009_Friday_tagesschau-8771,98,50,none,none
test/11September_2009_Friday_tagesschau-8772,67,50,none,none
test/11September_2009_Friday_tagesschau-8773,56,10,head_trunc,20
test/11September_2009_Friday_tagesschau-8780,62,50,none,none
test/11September_2009_Friday_tagesschau-8781,108,50,none,none
test/11September_2009_Friday_tagesschau-8782,79,20,head_trunc,30
test/01July_2010_Thursday_tagesschau-8797,111,10,tail_trunc,20
test/21August_2010_Saturday_tagesschau-8822,124,30,tail_contam,40
